ID,H,e,a,Perigee,i,RAAN,arg_perig,Apogee,period [y],MOID,condition_code,SMASS taxonomy,Spin period,Satellites,PHA
(1993 KA2),29.0,.7743508412253705,2.223870131106827,.5018144243082805,3.183491028129013,239.6280927745021,261.3038328885245,3.945925837905372,3.31644145441383,.000246364,8,,,0,N
(2000 LG6),29.0,.1105124700377725,.9170283428443317,.8156852755819592,2.829387933590402,72.5182803979273,8.141129680810453,1.018371410106704,0.878177570006911,.00422551,6,,,0,N
(2003 SW130),29.1,.3043392891142894,.8836626934460229,.6147294175058421,3.673670007143507,176.3082242862754,47.7429768135103,1.152595969386204,0.830688087896453,.00075277,5,,,0,N
(2003 YS70),29.1,.2339425839258293,1.281872075490072,.9819876098875588,.3554764644686003,270.9611865674102,196.7159708120613,1.581756541092585,1.45136027741806,.00114466,5,,,0,N
(2004 FU162),29.48,.3921717510663896,.8268620088708117,.502590086961673,4.164655704774893,191.2486013061138,139.7841451391181,1.151133930779951,0.751895974322539,7.22623E-5,9,,,0,N
(2004 YD5),29.3,.7826044297048294,2.272022380413376,.493927601113357,3.60964688544111,88.45890208980722,262.0629356618292,4.050117159713395,3.42473608553314,.000230663,8,,,0,N
(2005 WN3),29.9,.7258291990285011,2.487568444041895,.6820186327743917,.484490326129432,242.7555485300385,255.5865923989078,4.293118255309399,3.92347383474293,.000129436,8,,,0,N
(2006 BO7),29.3,.4034106209903345,1.436314346750145,.8568898841903423,.3394460379157191,294.2885643518026,248.500540274981,2.015738809309948,1.7214025817872,.00113357,7,,,0,N
(2006 BV39),29.1,.2707804654679586,1.14462073775185,.8346798015991257,.7421329566232124,127.478657462889,74.73742972483349,1.454561673904574,1.22461793984578,.000418032,6,,,0,N
(2006 BF56),29.6,.7991277011373971,2.338800061520747,.4698001449376697,.9613820419216025,125.2788459655436,102.6041004281859,4.207799978103824,3.57682627494864,.00078878,7,,,0,N
(2006 RH120),29.5,.02448682110602799,1.033254382055766,1.007953266845347,.5943903405611557,51.21034473613451,10.02701190651652,1.058555497266185,1.05031383456762,.0170072,1,,0.04583,0,N
(2007 EK),29.3,.2724009973437624,1.126314889430865,.8195055902267679,1.208529462770379,168.4993547350961,83.47048227419396,1.433124188634962,1.19535785648639,.00156472,6,,,0,N
(2008 BW2),29.7,.3313692033609191,1.393692262657868,.9318655678506538,4.108892749904285,117.4815230349609,319.9446458934506,1.855518957465083,1.64535091000675,.00267419,7,,,0,N
(2008 EF32),29.4,.5225755492144663,1.628748972613518,.7776045837175112,1.737047252058623,349.1759149186282,112.2686285351199,2.479893361509525,2.07868860065313,.000369006,9,,,0,N
(2008 EK68),29.58,.3969271938977286,1.484778308898044,.8954294211869287,3.962913175998933,344.2351687198885,129.4697587515314,2.07412719660916,1.80925850875104,.00205204,9,,,0,N
(2008 ED85),29.94,.3490283443692624,1.502202935146369,.9778915317855857,4.831931593123987,352.6017863143269,204.4900978775137,2.026514338507153,1.84120061624691,.00414845,9,,,0,N
(2008 JL24),29.6,.1065951829352605,1.038208561563206,.9275405300184228,.5512360266455727,225.6372110524583,282.2056206685585,1.14887659310799,1.05787684471073,.000287855,4,,0.05385,0,N
(2008 TS10),29.0,.2025680355240586,1.258403632282914,1.003491280595024,1.46837425913048,5.638552420703038,345.3692043032858,1.513315983970803,1.4116861276914,.00322976,8,,,0,N
(2008 UA202),29.4,.0685743833229439,1.033287270610691,.9624302332331147,.2627166132567141,21.12799649403111,300.8766102654266,1.104144307988267,1.05036398230429,.000268112,6,,,0,N
(2008 WO2),29.8,.1881839650534357,1.025097242616128,.8321903789352809,2.010370989321986,238.0169947644241,85.89289476034691,1.218004106296974,1.03790068898557,.00252714,6,,,0,N
(2009 SH1),29.42,.2446898501848266,1.196435366726652,.9036797760864793,3.301078964776578,354.9260218796127,294.7931271637964,1.489190957366824,1.30870591634277,.00394136,9,,,0,N
(2009 TB),29.2,.6602912824486068,2.564323415810549,.8711230189720095,8.19891332992262,7.989891243896407,312.2711442638189,4.257523812649088,4.10645813315157,.000125686,9,,,0,N
(2009 VT1),29.5,.5019749422713982,1.978256861334286,.9852214875680106,.2728962837000795,216.4691240921925,179.088159448639,2.971292235100562,2.7824811015335,.000713458,7,,,0,N
(2009 WQ6),29.2,.4086589872236157,.8665975514283134,.5124546737311536,5.81598781311697,55.52730708316419,227.397321374897,1.220740429125473,0.806741482139135,.00211086,5,,,0,N
(2009 XR1),29.2,.4074119394444816,1.629276725126524,.9654899346509731,.4732921671849487,258.0030447359447,208.4151073449276,2.293063515602074,2.07969899760115,.00105017,9,,,0,N
(2010 UE),29.6,.6920937361003611,2.522042581937454,.7765527088001605,3.036412879207669,22.92130252819919,297.1735200769602,4.267532455074748,4.0053163605592,.000156535,9,,,0,N
(2010 VR21),29.25,.6565204374877952,2.407272568801361,.826848928779523,.8918206077988671,219.8509755447307,240.0409182398319,3.9876962088232,3.7350472722718,.00149864,8,,,0,N
(2010 VL65),29.22,.147989611455239,1.071623738136383,.913034557503369,4.229446374889214,222.5370690393478,252.6867742305591,1.230212918769397,1.10935792515231,.00649755,6,,,0,N
(2010 VP139),29.202,.3065113319141641,1.204241210197104,.835127632913665,2.690099867021906,48.8851440513273,290.0569441787646,1.573354787480544,1.32153427040457,.000485586,9,,,0,N
(2010 WA),30.0,.5044141462997389,1.698096111231201,.8415524109496081,8.219505568814082,234.3788457227626,236.3954957460896,2.554639811512793,2.21284810199164,.000395622,7,,0.0085799,0,N
(2010 XB),29.6,.6527661196191793,1.775681638335491,.6165768256002057,1.486498116685515,248.4347115487187,92.65635204942768,2.934786451070777,2.36622401654553,.000214899,7,,,0,N
(2011 AM37),29.9,.1473125197931189,1.100433650304288,.9383259964128234,2.629381563759842,291.1905032871033,129.315966516688,1.262541304195753,1.15439382678678,.000950276,6,,,0,N
(2011 GP28),29.4,.5203483726345582,1.592573854155,.7638806408450995,4.051086569700582,16.39580887256045,252.1953319159713,2.421267067464901,2.00982190133917,.000202236,8,,,0,N
(2011 JV10),29.7,.2028589849660681,1.141024152279401,.9095571509262335,1.375858566816305,218.6765242663349,299.9236111352086,1.372491153632569,1.21885055166755,.00180904,7,,,0,N
(2011 YC40),29.64,.4203901975506866,1.437315808407421,.8330823317683008,6.43732065637561,96.13437811193681,298.6023081707161,2.041549285046542,1.72320325217523,.000521785,8,,,0,N
(2011 YB63),29.8,.5131247233066378,1.950602765071144,.9497002609628504,1.49262820740414,277.2219338282919,210.79628681934,2.951505269179437,2.72434093206027,.00217783,7,,,0,N
(2011 YC63),29.0,.5964671438488792,1.532866544852514,.6185620149428351,10.40986235276682,98.29110080403277,269.9757302887596,2.447171074762193,1.89786239626115,.00124064,8,,,0,N
(2012 EP10),29.1,.1160264234348473,1.050273529355341,.9284140481159471,1.032338638797938,347.9826790041228,105.9331187225999,1.172133010594736,1.07637061266807,.00256546,6,,,0,N
(2012 FN),29.2,.1870689762645295,1.221448485739605,.9929533679524377,3.233220287106682,356.9089130110197,147.9150359381686,1.449943603526773,1.34996010913102,.0156125,9,,,0,N
(2012 FT35),29.2,.204043359610737,.8340764647276191,.6638887006923494,5.124218504971322,185.0476146801662,169.6086183207194,1.004264228762889,0.761757962445207,.00360365,6,,,0,N
(2012 KT42),29.0,.5544811877483926,1.597914120972566,.7119008012557687,2.193050543183098,69.47384864718882,259.1249280495618,2.483927440689362,2.01993946452791,.000705361,6,,0.06057,0,N
(2012 KC45),29.4,.1812226397740804,1.177446875424321,.9640668444661832,8.656655486807573,247.7429908784167,310.1395304674926,1.39082690638246,1.27767437472424,.00622181,7,,,0,N
(2012 XB112),29.9,.1446360834444834,1.028779900597431,.8799812050486137,1.321818336277578,76.89178581766268,88.88834434240528,1.177578596146248,1.04349869064441,.000649212,3,,0.043333,0,N
(2013 EC20),29.,.1209344778721066,1.113119134816577,.978504653438083,1.305191836580586,165.3475963866241,33.94822312684133,1.247733616195071,1.1744125267267,.00197636,4,,,0,N
(2013 EN20),29.1,.3907325386878213,1.573779067136292,.9588523769003776,2.071113475297162,166.6641466964477,32.87161823808007,2.188705757372207,1.97434865830022,.00246071,8,,,0,N
(2013 RG),29.4,.6050156721616299,1.819302912213403,.7185961379150004,.994133466355361,335.9379442049117,81.32769136225964,2.920009686511806,2.45395008320773,.00150484,7,,,0,N
(2013 SP19),29.2,.2389683348321737,1.28492093448207,.9778655183778895,2.325955243313236,.7665862891919435,326.0210163634032,1.591976350586252,1.45654132046761,.00251596,7,,,0,N
(2013 UX2),29.2,.1492714384164748,1.118691606411498,.9517029011780168,4.105341952265745,211.3988632226679,228.0375619291976,1.285680311644979,1.1832425306344,9.7781E-6,5,,,0,N
(2013 WH25),29.6,.6706184052900305,1.595062993423758,.5253843924367751,2.956169950278274,246.9794359220554,279.2863521153899,2.664741594410742,2.0145356678648,.000181177,9,,,0,N
(2013 XS21),29.4,.4944532858339685,1.913424956748895,.967325699687685,3.079539995593318,80.37354662769573,341.1726605419523,2.859524213810106,2.64682576470024,.000211687,7,,,0,N
(2014 AG51),29.9,.5911023025971793,1.875160308650462,.7667487324683366,.0922157599061518,145.1660789375823,257.8585841456438,2.983571884832589,2.56782725941975,.000289759,7,,,0,N
(2014 HJ196),29.2,.4725581519504786,1.386540591248991,.7313195318440435,3.005361990751296,217.6571907233432,82.95387506396368,2.041761650653938,1.63270260058085,.00124389,9,,,0,N
(2014 HS197),29.4,.6833103461116768,2.355857282913145,.7460756275360492,6.699226493648254,212.8804885269926,288.390380523606,3.96563893829024,3.61602703256511,.00615907,8,,,0,N
(2014 HD198),29.65,.6431207963630002,2.114554867974618,.7546406573295229,.9815137892405357,220.4061077234305,69.11761843591164,3.474469078619713,3.07493995875337,1.68095E-5,9,,,0,N
(2014 HY198),29.7,.1982052647224339,1.096433949812411,.8791149685391779,2.497456500367278,227.2382952788828,74.80944513649081,1.313752931085644,1.14810580819589,.00173311,8,,,0,N
(2014 JR24),29.3,.1183355502835988,1.066477624549522,.9402754079833093,.9295072865795025,48.89910801684731,246.4561465983973,1.192679841115735,1.10137654729731,.000446942,5,,,0,N
(2014 JG55),29.2,.4111007868421341,1.579814253031199,.9303513705456545,8.746482997040253,49.85082750693084,223.1942406745113,2.229277135516743,1.98571649673684,.00117162,7,,,0,N
(2014 KC45),29.3,.3950378594882937,1.517927298387796,.9182885475738323,.0396342552998406,110.3630789296942,184.481897287854,2.117566049201759,1.87018538742732,.00039565,6,,,0,N
(2014 LY21),29.1,.6059403049423049,.6457587238629692,.254467485806288,1.242700855458696,73.34798924476198,349.7529056756081,1.03704996191965,0.51893579125247,.000142798,9,,,0,N
(2014 OP2),29.1,.6207077038634754,2.449869016543348,.9292164445184559,2.054551961287221,122.1925675492064,141.5783805782692,3.97052158856824,3.83462147477221,.000317009,7,,,0,N
(2014 OM207),29.1,.5837627933302701,2.428976162662694,1.011030253014079,2.247743492876594,122.7781948751114,168.6281721218708,3.846922072311308,3.78567285874546,.00123974,8,,,0,N
(2014 SG1),29.1,.4082603079220946,1.346862496949462,.7969919992161537,15.59594965776525,177.2268941770473,253.4809844780404,1.896732994682771,1.563122781383,.000913967,7,,,0,N
(2014 WU200),29.1,.07141664883531165,1.027881363096742,.9544735207441003,1.266603340644118,265.6435929308513,226.5852726724354,1.101289205449383,1.04213189982997,.00383451,3,,0.0179,0,N
(2014 WX202),29.6,.05877615136106507,1.035551244263956,.9746855275889582,.4129109167043972,243.8917216061577,214.1968925951224,1.096416960938954,1.05381795664317,.000848307,2,,,0,N
(2014 WA498),29.48,0.3825991,1.2180898,0.7520497,4.02983,244.73762,97.83735,1.6841299,1.3443957724846,,9,,,0,
(2015 DQ224),29.3,.5266784494865818,.779370796533833,.3688929938402716,11.03296668585052,149.0518058437615,215.0105415785559,1.189848599227394,0.688056964316261,.000719263,9,,,0,N
(2015 HM182),29.0,.2080570593232302,1.192662874438174,.9445209440185763,2.759596653995429,220.7176125876324,277.7479978264517,1.440804804857771,1.30252105762563,.0269493,9,,,0,N
(2015 RW35),29.2,.2603253024585048,1.230863019412277,.9104382315987876,3.413651706644036,346.0392498111689,62.14186475803204,1.551287807225767,1.36559773533905,.0047916,7,,,0,N
(2015 TC25),29.34,.1162214735966522,1.028429886391264,.9089042495040336,3.743564267286238,18.85672200216096,80.5590422060816,1.147955523278494,1.04296620313441,.00135756,2,,0.03715,0,N
(2015 VY105),29.0,.7086198920632716,2.702450792091475,.7874404034933111,8.731233695392635,52.09680676400396,59.42130072931259,4.617461180689639,4.4426785853197,5.00939E-6,7,,0.0384,0,N
(2015 WZ1),29.6,.6605264819324218,2.241339890332488,.7608755377563695,5.721768421651404,56.67777523247031,69.29157817071467,3.721804242908606,3.3555968892558,.0073825,7,,,0,N
(2015 XH55),29.2,.2119713113265298,1.047134002003403,.8251716344641445,5.188051481843052,70.69798549774282,268.6507448801714,1.269096369542661,1.07154791424018,.00649693,6,,,0,N
(2016 AH164),29.7,.2489904564848581,1.150607942940347,.8641175459925264,1.722670667869076,290.5067363944452,113.1355468621111,1.437098339888167,1.23423896751401,.000172833,6,,,0,N
(2016 AQ164),29.8,.5775563455611153,1.916172822030745,.8094750494751384,5.297247756251173,289.9026597084397,120.7090153326864,3.022870594586351,2.65252946203775,.00066669,8,,,0,N
(2016 CW264),29.8,.7649458320830976,2.020346992322538,.4748909811837905,5.736271458970227,141.7448549470136,257.8176745209581,3.565803003461285,2.87175344301214,.00139827,8,,,0,N
(2016 CM323),29.77,0.4241625,1.5620884,0.8995091,12.72746,138.72726,46.73884,2.2246677,1.95239021245722,,9,,,0,
(2016 DA31),29.9,.4498202445375504,1.270106368564671,.6987868112682106,.02235502880461041,339.4481943232816,268.0343655173404,1.841425925861131,1.431424158937,4.3523E-6,8,,,0,N
(2016 EG1),29.1,.3166625085808882,1.180884000626572,.8069423106451266,14.72288374701648,344.5408601453047,257.555495308358,1.554825690608017,1.28327300960741,.00282743,7,,,0,N
(2016 EK1),29.1,.6693765975264487,2.169189059923569,.7171846676003344,6.528172632010735,341.6485432025926,254.028167297319,3.621193452246803,3.19487823284175,.00429646,6,,,0,N
(2016 EO28),29.2,.3059466295988841,1.287905046006765,.8938748379375994,2.432643340919808,159.4085098621822,305.5750365670617,1.68193525407593,1.4616182916158,.000381939,7,,,0,N
(2016 EU84),29.0,.09525739959679816,.9204682400788782,.832786829117523,3.198581657291818,169.0539674813094,206.0241733527759,1.008149651040233,0.883123445035987,.00530369,5,,,0,N
(2016 ES85),29.7,.08958721666238438,.9691218069447399,.8823008816537401,2.241195122942321,166.2781564910995,123.4892646956187,1.05594273223574,0.954060139289864,.00766924,5,,,0,N
(2016 FC1),29.1,.6397495311216463,2.061885168131745,.7427950985927843,1.247711492887289,352.5771310458277,112.1485031257055,3.380975237670706,2.96077165358254,.000595881,8,,,0,N
(2016 FW13),29.5,.3622526338903211,1.314572641970352,.8383652399764339,5.176323637265992,194.4493351702075,67.90204213949026,1.79078004396427,1.50724928646457,.0018838,7,,,0,N
(2016 FR60),29.30,0.4852503,1.2326979,0.6345309,8.61408,8.52894,82.54926,1.8308649,1.36865242354552,,8,,,0,
(2016 GC252),29.21,0.7149683,1.9428868,0.5537843,5.99397,10.76981,87.03431,3.3319893,2.70819202217659,,8,,,0,
(2016 JN38),29.07,.6823737362242653,1.926323264281603,.6118508612580428,4.447242255968344,42.05761906698036,89.61430285014534,3.240795667305163,2.67363400826927,.00298032,9,,,0,N
(2016 LT1),29.0,.2906071589281159,1.323532405593414,.9389044134546173,3.969601103702404,76.83809556445436,228.7438052330501,1.708160397732212,1.52268500495215,.00125909,5,,,0,N
(2016 LP10),29.3,.622228404087478,2.083278623027174,.7870034901514169,.6694925940730656,79.30212768104998,245.3235309075902,3.379553755902931,3.00697099186969,8.52318E-6,8,,,0,N
(2016 NK22),29.0,.3529673230395719,1.497126792510375,.9686899563071675,2.713489083641936,111.0526692524286,213.4862588604152,2.025563628713583,1.83187601359344,.000822321,7,,,0,N
(2016 NW90),29.98,0.5266429,2.1409940,1.0134547,10.65134,289.98580,10.66420,3.2685333,3.13279055331964,,9,,,0,
(2016 QY84),29.575,.1552583609430165,1.162822342832311,.9822844518162476,1.94135952247488,162.3524140233493,127.9849774891176,1.343360233848373,1.25394432426196,.00770724,9,,,0,N
(2016 RS1),29.2,.4329467895881663,1.75605932100687,.9957790756505703,1.649978463434209,337.8532543909659,345.6458383896691,2.516339566363169,2.3271103417365,.00109868,7,,,0,N
(2016 SJ),29.0,.547015293384119,1.829631414259014,.8287950494033186,1.616404360337384,357.5155407336972,301.8504022702936,2.830467779114708,2.47487697274412,.000667554,7,,,0,N
(2016 TH),29.4,.2594239602638709,1.037642513662202,.7684531834297957,2.325369738119624,191.4916285127401,276.1217487326086,1.306831843894608,1.05701180560082,.000778631,5,,,0,N
(2016 TB19),29.1,.5061203300681364,1.565438252246314,.773138127318123,2.668405315685747,197.0734795300046,252.4702764138942,2.357738377174505,1.95867380412026,.00135344,7,,,0,N
(2016 TG94),29.66,.4459325920725605,1.698085295941347,.9408537183619211,1.210636702167335,198.6532076338901,140.1793066045927,2.455316873520773,2.21282696135476,.00147099,7,,,0,N
(2016 UX149),29.71,0.1937795,1.1018070,0.8882994,12.64762,209.20845,251.57894,1.3153146,1.15655558822724,,9,,,0,
(2016 UY149),29.55,0.2937440,1.3680870,0.9662197,26.30050,209.72812,212.76661,1.7699543,1.60021663928816,,9,,,0,
(2016 UD150),29.96,0.5396521,2.1434142,0.9867162,14.57744,216.65239,165.10412,3.3001122,3.13810411143053,,9,,,0,
(2016 UE150),29.85,0.5741720,1.7709420,0.7541167,2.08088,36.68658,70.48837,2.7877673,2.35675640301164,,9,,,0,
(2016 VF18),29.88,.6809159989798652,2.777747887618161,.8863349098064305,.7653556173287611,229.7232474489761,136.34294457,4.669160865429891,4.62964234092848,.000374392,9,,,0,N
(2016 WT),29.79,.4467831359760295,1.554798924743429,.8601409853344011,1.187854932038277,55.82226914977547,304.4004935929693,2.249456864152457,1.93873990599967,.000290615,7,,,0,N
(2016 WY),29.2,.170074515988773,.8488996656299469,.7045234658749023,1.962930539019848,235.2215502927564,3.629629078658668,.9932758653849915,0.78215485614964,.00323434,6,,,0,N
(2016 WW2),29.04,.5961084234937067,2.314291633932081,.9347228965241536,1.293849338089512,62.77320029723867,29.26712380512081,3.693860371340009,3.52075115443209,.000572663,7,,,0,N
(2016 WO57),29.79,0.5931060,2.4543914,0.9986771,2.50404,59.03665,352.98055,3.9101057,3.8452442934976,,9,,,0,
(2016 WU57),30.00,0.8343584,2.1597104,0.3577379,3.71778,235.40081,296.47413,3.9616829,3.17396013990418,,9,,,0,
(2016 XL23),29.27,.5580618059090154,2.101670497068937,.9288084640489481,1.867222123355885,248.8209383673947,145.6750614411561,3.274532530088927,3.0468785531483,.000781795,7,,,0,N
(2017 AZ3),30.0,.2703355000535474,1.296626429548607,.9461022753339386,4.034006420115031,285.3371462796921,217.1388316056319,1.647150583763276,1.47648998956613,.00290541,6,,,0,N
(2017 BG30),29.4,.1070084639553949,1.055299597788312,.9423736088162383,1.630601185386831,304.4796057196467,250.4792756492126,1.168225586760385,1.0841062824504,.00645343,6,,,0,N
(2017 CX35),29.14,0.4940519,1.3929285,0.7047495,36.91087,312.36052,97.68795,2.0811075,1.64399854510609,,9,,,0,
(2017 DG16),29.3,.3158578921949459,1.387717807552463,.9493961858975501,3.396660620816507,335.9808050038819,212.9617179559223,1.826039429207375,1.63478236519126,.000280498,6,,,0,N
(2017 DR34),29.2,.3921773186249634,1.304969187504641,.7931898706608734,2.955855854514025,154.8742658906164,74.58156460016527,1.816748504348408,1.49076294196318,.00178392,7,,,0,N
(2017 DL123),29.88,0.2030820,0.8830235,0.7036973,19.79501,332.45923,44.15168,1.0623497,0.829786880492813,,7,,,0,
(2017 EN25),29.48,0.5251929,0.9810817,0.4658246,29.80617,344.76737,56.31179,1.4963388,0.971775489664613,,9,,,0,
(2017 FM1),29.5,.3299280081685225,1.298777672951646,.8702745422609607,9.409430766349844,359.9349174215089,240.9663499713703,1.727280803642331,1.48016599797349,.00182998,6,,,0,N
(2017 FJ3),29.9,.1185800920037875,1.134004015348635,.9995337148759292,.962828488630723,167.1965613350496,26.92002724399833,1.26847431582134,1.20761942659817,.00700925,6,,,0,N
(2017 FT102),29.5,.05900736128628763,1.038368759422823,.9770973588871664,1.515703525014884,6.701375667627429,239.7216333074125,1.09964015995848,1.05812170323398,.00335687,3,,,0,N
(2017 GM),29.9,.7508166394082098,3.294713075379908,.8209876763088778,.2337283354855506,195.2529217527371,55.90785163542945,5.768438474450939,5.98046015780881,.000101557,7,,,0,N
(2017 JA),29.1,.6164772044560183,2.031308846972867,.779053247604256,1.974964743812653,42.89188544173041,244.7451847395868,3.283564446341477,2.89515714957778,.000636276,6,,,0,N
(2017 JQ1),29.3,.3447249786054016,1.147337657414782,.7518217080092999,5.767459817894781,42.88868839337339,270.1159853417321,1.542853606820265,1.22898073276746,.00150897,7,,,0,N
(2017 JB2),29.2,.05120597157369339,1.020573051222856,.9683136165730607,5.232475868623697,222.8316336587369,279.5858205282166,1.072832485872651,1.03103722809221,.00282826,4,,,0,N
(2017 QB35),29.3,.1389220727704348,.9300258229659282,.800824707909472,4.81375898767015,159.2865266796101,315.6551072944782,1.059226938022384,0.896913814505537,.00257142,4,,,0,N
(2017 RW17),29.5,.5931587745545869,2.009675824741349,.8176189752857917,.981962093751731,173.327390802019,240.7616827246594,3.201732674196907,2.84903126126528,.000206543,9,,,0,N
(2017 SZ32),29.25,.671268338171917,1.516220199211381,.4984295857840642,9.547323737985995,357.2897956610299,255.6918739322961,2.534010812638697,1.86703138839942,.00114329,8,,,0,N
(2017 TB),29.1,.2096181031576422,1.041318371596465,.8230391897592091,1.123765436319337,190.5454564182445,273.2502880535204,1.259597553433721,1.06263348771753,.000701479,6,,,0,N
(2017 TQ2),29.37,.4217238372952657,1.440762542083908,.8331586342050006,16.92094805362608,7.32969620747711,295.5481690424093,2.048366449962815,1.72940541939987,.000588425,7,,,0,N
(2017 UM52),29.53,.09675746724634045,1.011482424133713,.9136139466103465,2.436714250246171,28.88951045787905,94.63424222885595,1.10935090165708,1.01729219707857,.00389705,7,,,0,N
(2017 WW1),29.7,.457542799784682,1.497431692277374,.8122926033064702,9.660951287957301,59.65505325164514,63.9663855630448,2.182570781248279,1.83243565257231,.000629533,6,,,0,N
(2017 YD1),30.0,.09956850623885559,1.076521312072865,.9693336930954772,3.226743301856563,264.6182606484371,141.8606369532905,1.183708931050254,1.116971649899,.00333291,6,,,0,N
(2018 BC),29.4,.06968629198010778,1.048319913208195,.9752663856478072,2.864207530920754,297.1975102076348,212.8592660710963,1.121373440768582,1.07336877059876,.00215046,4,,,0,N
(2018 BX),29.1,.2218809448496379,.8225719140422699,.640058880547796,6.459181696632627,298.4863526288504,338.9307863195311,1.005084947536744,0.746051860121348,.00244605,6,,,0,N
(2018 BR1),29.5,.4106121588293189,1.57853321030013,.9303682810350186,6.967990480438879,115.8225791037785,324.4814583038209,2.226698139565242,1.98330171417773,.000469137,7,,,0,N
(2018 DQ),29.1,.6844616699878983,1.714038550652727,.5408448618493247,.3956683986347865,152.1756423888459,263.8099121076537,2.887232239456129,2.24408385104425,6.36912E-5,8,,,0,N
(2018 DO3),29.223,.5729918128864533,1.788864003196355,.7638595749975574,4.395466844451989,148.4831877982799,284.0154852558912,2.813868431395153,2.39262253984871,.0107607,9,,,0,N
(2018 GD2),29.50,.1736503852801733,1.030729726533258,.8517431124010301,9.671419643586928,22.18834835876621,270.7206928114331,1.209716340665486,1.04646667907277,.000263763,6,,,0,N
(2018 KW1),29.7,.3309258327359533,1.475364383214075,.9871281961099916,6.490807111852982,61.53779112010728,206.6450195904545,1.963600570318159,1.79207897515182,.00219051,6,,,0,N
(2018 PV24),29.6,.2189265792319754,1.066658661501577,.8331387295308794,4.080044734935452,142.595715207673,271.3792471339738,1.300178593472275,1.10165700087851,.00263387,8,,,0,N
(2018 RS),30.0,.6231980752147653,1.961601968715178,.7391353974743848,2.741230679611542,342.00641815,288.604643743722,3.184068539955972,2.74741670995899,.000704584,8,,,0,N
(2018 RR1),29.99,.1414581986972361,1.075406601773731,.9232815210197035,.6679133301470348,352.3246460589402,277.1875987740742,1.227531682527759,1.11523720570111,.00235451,6,,,0,N
(2018 RZ5),29.71,.7370912300087414,2.88116708188419,.757484093637476,13.69374437556791,169.2268093958934,115.3231756236311,5.004850070130903,4.890585642718,.00247579,7,,,0,N
(2018 SM),29.4,.4678212903367636,1.7853592778381,.9501301967651674,8.972238736611892,172.8104119532603,145.929919705445,2.620588358911032,2.38559457992549,.000188473,7,,,0,N
(2018 TG2),29.4,.326903856718886,1.333862339375878,.8978175963018277,3.913891754885213,12.17186726242939,56.79937888117786,1.769907082449928,1.54054616917467,.00323141,7,,,0,N
(2018 TH3),29.0,.2141759976760517,1.220956574538365,.9594569820674759,3.264989169949826,192.4027938772012,135.4672188093273,1.482456167009253,1.34914469164857,.00400119,7,,,0,N
(2018 TM3),29.7,.268132345065997,1.360456967449447,.9956744504058525,2.923895145485151,13.67762598144589,21.0249189068255,1.725239484493042,1.58684831869522,.00736917,6,,,0,N
(2018 TV5),29.5,.5275048757841532,1.465062675704682,.6922349709410845,5.443808920418381,192.6753091900729,263.7972733084746,2.237890380468279,1.7733420353393,.00010294,6,,,0,N
(2018 UL),29.2,.2801202767669737,1.344218086918987,.9676753443760688,.7592615738324117,201.2754620964939,152.0174149588474,1.720760829461906,1.55852152330153,.000417458,6,,,0,N
(2018 WG),29.3,.3358248350442136,1.012202607066328,.6722798335169555,1.726583992294343,233.669234480905,74.82787172126719,1.352125380615701,1.01837886975153,.000273776,6,,,0,N
(2018 WH),29.8,.2800339122963519,1.222973292647335,.8804992968733505,1.907257625743513,235.0204118454234,118.1847977849571,1.565447288421319,1.352488751322,.00106304,6,,,0,N
(2018 WZ1),29.4,.5338856458643955,1.713559194067429,.7987145370158666,6.00295274859572,65.11790378258931,296.6005701385999,2.628403851118991,2.24314252931761,.000521098,6,,,0,N
(2018 XX3),29.7,.1250613036149794,1.031991742031602,.9029295094532366,4.256933453133266,260.3343849197153,101.5707474047998,1.161053974609968,1.04838919275554,.00357757,6,,,0,N
(2018 XA4),29.0,.4031637904393936,1.119985104213385,.6684476643630572,2.285954068980835,81.40340814883477,260.9731219913544,1.571522544063712,1.18529532687223,.00149964,7,,,0,N
(2018 YL2),29.4,.5791435713577463,2.134898913338866,.8984859321800235,4.251898676867938,275.6808546308479,139.5698503230194,3.371311894497708,3.11942232887868,.000630764,7,,,0,N
(2018 YO2),29.8,.2170066553090688,1.232950922572769,.9653923667050219,.9959332671741155,94.05418020598513,334.9086880347659,1.500509478440517,1.36907388732323,.000280899,5,,,0,N
(2018 YJ4),29.76,0.6391390,2.1964197,0.7926022,2.51042,279.22538,119.32303,3.6002372,3.25522633319644,,9,,,0,
(2019 BU3),29.1,.1753305268569629,.8590796240757348,.7084567409744545,5.692725024497617,127.2205405162215,202.5367484639123,1.009702507177015,0.79626628940706,.00775738,7,,,0,N
(2019 CG4),29.0,.2819337051039447,1.219750943279525,.8758620405366971,3.848858485854036,321.804314410711,242.7254395313656,1.563639846022354,1.3471468694793,.00242246,7,,,0,N
(2019 DF),29.8,.6536098222955278,2.404105553302358,.8327585498287121,3.178022349876386,156.9343074273644,54.17351670183237,3.975452556776003,3.72767893682742,.000854682,9,,,0,N
(2019 GK3),29.5,.1383734814023688,1.109640196270281,.9560954192083542,1.708312879370276,194.1557242512153,304.5541233302187,1.263184973332207,1.16891107384866,.00363909,6,,,0,N
(2019 GV5),29.4,.1266026150789188,.9209061035105894,.8043169825640113,3.362163808435401,197.2653303369227,144.3132062509873,1.037495224457168,0.883753667940336,.00535009,5,,,0,N
(2019 GP21),29.82,.4938759150785472,1.700241701673095,.860533275404589,.3333340148800277,197.217112827228,298.5129329019449,2.539950127941601,2.21704341680443,.00072087,8,,,0,N
(2019 HR2),29.0,.3255943824917088,1.245575711808602,.8400232570756099,.6482226312316511,32.18884980137319,110.0474700898574,1.651128166541595,1.39015555318603,.000114032,7,,,0,N
(2019 JX1),29.1,.3996904002112255,1.008202863775781,.6052338576591353,17.00908978987227,221.5853814685178,246.3399060578504,1.411171869892426,1.01234861334079,.00176933,7,,,0,N
(2019 JY2),29.6,.2724420138896858,1.089030695998201,.792332979992765,.9836689720574074,226.1974193606662,268.3148657585083,1.385728412003637,1.13649723651434,.000582546,5,,,0,N
(2019 JH7),29.6,.2918280963882937,.9896764540553429,.7008610584280555,.8488249758426504,57.25999904607192,288.1623663078606,1.27849184968263,0.984573310847714,.000576011,5,,,0,N
(2019 MO),29.12,.6287987179555077,2.526202973434783,.9377297824435999,1.560672468087695,91.03538676191808,216.7801441519666,4.114676164425966,4.01523127308767,9.56613E-6,9,,,0,N
(2019 NK1),29.9,.3907106600244988,1.555029326066129,.9474627917213804,3.006985796259944,281.0509976592236,317.9931528615381,2.162595860410878,1.93917086666561,.00152548,7,,,0,N
(2019 NX5),29.1,.1161322274862798,.9172121059926172,.8106942210463127,.458020707767416,112.3197451620229,355.0485990597688,1.023729990938921,0.87844155000366,.00237497,6,,,0,N
(2019 QQ3),29.3,.6660010404010557,1.974154292356185,.6593654797347559,7.261754727487155,332.5617276807029,278.0536494017949,3.288943104977614,2.77383000030466,.00107508,7,,,0,N
(2019 SX),29.6,.483268989383242,1.168490784478461,.6037954239599237,1.121113115663199,178.4759080737243,282.5069149546163,1.733186144996999,1.26312444390591,.000123313,7,,,0,N
(2019 SM8),29.2,.5185057861121634,1.532909015247181,.7380868212580193,4.644613135444289,188.4952963333404,256.0961442980797,2.327731209236343,1.89794127155045,.000810743,7,,,0,N
(2019 TA),29.4,.2413158562701518,1.245452805644838,.9449052954065912,3.456988327556378,7.126056389463469,312.7147002188933,1.546000315883086,1.38994979956999,.00222984,7,,,0,N
(2019 TD),29.2,.5009176554966552,1.880164803032747,.9383570579502527,3.243919920283056,186.5902988432202,143.6194862285793,2.821972548115241,2.57811377783973,.000506682,7,,,0,N
(2019 UL),29.1,.2066829358004105,.8328774777121517,.6607359154565632,1.347438955001572,17.39819098534709,197.4029908068623,1.00501903996774,0.760116009396933,.00139735,6,,,0,N
(2019 UG3),29.2,.2696154218771714,1.321592280130578,.9652706199735596,2.233952115441802,211.8854565756019,142.367542158241,1.677913940287597,1.51933814651278,.00413185,6,,,0,N
(2019 UB4),29.2,.09624233372487845,1.03736861579204,.9375298392752671,.9201485812842558,27.65775403488159,286.5001479175117,1.137207392308813,1.05659331728832,.000711461,5,,,0,N
(2019 UB8),29.0,.4481384936442458,1.533259902113695,.8461471192153401,.2054549682758628,54.87103434899723,39.18281911138378,2.220372685012051,1.89859297439224,.00113761,7,,,0,N
(2019 UN8),29.7,.7240125066075872,2.580206681926558,.7121047745792654,.354440858596931,18.41506867560182,299.981536183955,4.448308589273851,4.14466988595069,.00121796,8,,,0,N
(2019 UO8),29.3,.7786462979305221,2.191369302231654,.4850677076503852,.3188398772413195,41.3488994766475,250.4778205861033,3.897670896812923,3.24400535604168,.000895489,7,,,0,N
(2019 VC37),29.68,.1731572269830705,1.050891900173905,.868922372880822,2.56445562540196,220.0302211247082,97.5553111263069,1.232861427466988,1.07732135662131,.00113686,6,,,0,N
(2019 XV),29.2,.09755332174088874,1.100428870341099,.9930783786997515,.34346542920562,46.07061018465176,356.4011524295645,1.207779361982448,1.15438630526923,.00104738,5,,,0,N
(2019 YB),29.7,.6487417372517422,2.49246284758992,.875498169809011,1.093632906765411,83.35424920449312,46.22260891591982,4.109427525370829,3.93505894726482,.000786778,8,,,0,N
(2020 AP1),29.6,.3856393705250279,1.599320987779538,.9825598487847712,2.210777405209053,100.9426877460351,350.4939781906728,2.216082126774305,2.02260770354104,.00252445,7,,,0,N
(2020 BB5),29.7,.3825668930327712,1.408494954745292,.8696514160560518,.8744557809699636,305.9284718520531,120.4180380728672,1.947338493434532,1.67163380728891,.00145925,6,,,0,N
(2020 BZ13),29.9,.6776219116703267,1.267118713339983,.4084913084932989,18.49743057839884,128.2644825428292,116.6516768656618,2.125746118186666,1.42637644872083,.000383937,7,,,0,N
(2020 CA),29.6,.4394088630743677,.8817724262722889,.4943138069536558,1.222544861953453,136.4663948767123,125.7083582081282,1.269231045590922,0.828024092217411,.00116327,6,,,0,N
(2020 CZ),29.4,.5316442971315235,1.576330340381238,.7382833045221594,4.843729831007431,129.5660600641922,287.184933385845,2.414377376240316,1.97915156604947,.00150355,9,,,0,N
(2020 CK2),29.28,.3408930620008921,1.474629335965182,.9719384263116687,2.071769134605143,140.3228791621581,339.6096409831814,1.977320245618695,1.7907398836174,.00096126,6,,,0,N
(2020 DA1),29.8,.5689607420858844,1.157497913611774,.4989270417203561,7.886873980126872,148.6856391954253,111.7457569305181,1.816068785503192,1.24534169133624,.00107586,7,,,0,N
(2020 DR4),29.75,.2924123325917091,.8154099380639516,.5769740160562103,4.356669420803615,336.4474606069837,32.29820210713754,1.053845860071693,0.736329504099272,.000843497,6,,,0,N
(2020 EG),29.7,.1966764404058734,1.224629879887962,.9837740342969257,2.275135413206861,163.2517318824582,334.8690548443918,1.465485725478999,1.35523771670172,.00486447,8,,,0,N
(2020 EQ),29.2,.3667400365307891,1.377901480164742,.872569840993296,4.151416950084038,171.6477445535242,304.2968867575628,1.883233119336188,1.61746708723756,.00107504,7,,,0,N
(2020 FM1),29.3,.2648235319454571,1.136628199452127,.8356223051644091,1.842066728278933,358.5010169668593,98.32905313941681,1.437634093739844,1.21181365558357,.00328621,6,,,0,N
(2020 FJ4),29.5,.6328268937300155,2.423868579191407,.8899793554119225,7.429265427361942,4.479554701063064,224.3265395505704,3.95775780297089,3.77373852676664,.00183977,6,,,0,N
(2020 FP5),29.7,.292756466507525,1.275328566560539,.9019678817781689,5.34841957636915,182.6261984231986,304.363328302324,1.64868925134291,1.44026144109498,.00253037,7,,,0,N
(2020 GH),29.0,.5798526886085628,2.097959537269424,.8814520589917724,1.115812941553374,196.7099491439024,45.87864713415674,3.314467015547077,3.03881221887296,.000436651,7,,,0,N
(2020 HN3),29.4,.1151480526960326,1.019421860658784,.9020374185281586,2.919455653413836,29.37099560699175,277.207658407675,1.136806302789409,1.02929322913463,.00129603,6,,,0,N
(2020 HS7),29.1,.5716865879199551,1.848261869705891,.7916353478311734,4.731281087487773,38.51067646108825,245.6818962807762,2.904888391580608,2.51277416482993,.000417637,6,,0.00083181,0,N
(2020 HU7),29.7,.5990713552402369,2.421873744103538,.9709985580026845,10.0067779708737,212.783902547463,339.9948828379797,3.87274893020439,3.76908082564287,.00827988,7,,,0,N
(2020 JJ),29.90,.4216908034484771,1.506425439395813,.8711796855217672,11.18908971485709,44.15078470884462,237.3863132570003,2.141671193269858,1.8489691453476,.00142679,7,,,0,N
(2020 JN1),29.0,.7069520655161877,2.571632189253996,.7536115013129677,7.17911780295869,54.69943391958375,248.5335322073001,4.389652877195024,4.12402683033144,.00254851,8,,,0,N
(2020 KJ4),29.9,.1336166321468406,.9748593544963298,.8446019307316872,2.863952014731603,67.57922953533594,293.913498038818,1.105116778260972,0.962545232739869,.000202283,5,,,0,N
(2020 KF5),29.4,.4148493244041068,1.459921166914911,.854273857137005,1.939486839268984,244.5676501008852,65.23704075132852,2.065568476692818,1.76401514810764,.00180643,7,,,0,N
(2020 PX5),29.56,.4957382972474836,1.844281360682898,.930000459292686,2.446540369969793,140.4834749068633,137.16675818228,2.758562262073111,2.50466108312967,.00117923,7,,,0,N
(2020 QG),29.90,.481381266158129,1.909837181400683,.9904773408621499,4.737268344293113,323.4175110028906,339.0108090166023,2.829197021939216,2.63938484312854,.000132691,6,,,0,N
(2020 QK111),29.80,.5432471157519763,2.006661844431237,.9165485851544267,9.55910299377557,153.8187343941424,222.7424565788324,3.096775103708048,2.84262447887983,.000395551,9,,,0,N
(2020 RJ2),29.3,.2457402790942246,1.322157104376318,.9972498485404701,.2416134284268349,221.6849907322595,154.3275328389507,1.647064360212166,1.52031225636423,.00157149,6,,,0,N
(2020 RB4),29.70,.03183453339094312,1.040909660913917,1.007772787556597,3.070376690219039,169.3727767130256,105.8167833866768,1.074046534271236,1.06200793401869,.0190438,6,,,0,N
(2020 RD4),29.7,.3388231593054277,1.011472680701812,.668762311475294,2.604195268346739,352.1579173500357,108.8251678078246,1.35418304992833,1.01727749801934,6.37389E-5,6,,,0,N
(2020 RE5),29.09,.6622367650524918,2.26514895182686,.7650840376069976,.3089675612260949,332.2605776682577,308.2278182241585,3.765213866046723,3.40920683714681,.00138302,8,,,0,N
(2020 SW),29.06,.2111044441791747,.9413432391416223,.7426214978608062,2.324536246930621,1.801502429413801,118.947893714784,1.140064980422439,0.913335238359485,.000251469,4,,0.0079039,0,N
(2020 SZ2),29.4,.4660302618297435,1.66071773934591,.8867730164532356,2.77730891045956,179.0777826254621,126.1883314361913,2.434662462238584,2.14018807234479,.00246396,7,,,0,N
(2020 SN3),29.95,.1954832110080689,1.133125382933652,.9116183946030338,5.854849809818609,179.8335875251778,246.4124170497303,1.354632371264269,1.20621619344631,.0041234,7,,,0,N
(2020 ST3),29.69,.2656136776669236,1.336552539519986,.9815459041030167,2.908458073936929,178.9279955160927,211.6130624397871,1.691559174936956,1.54520909391836,.0045938,7,,,0,N
(2020 SG6),29.3,.3365814962900227,1.244641356583632,.8257181064402693,1.824707042101844,357.9060514211527,289.9723114952055,1.663564606726994,1.38859163121036,.00147541,7,,,0,N
(2020 TS1),29.2,.1708535562055211,.8874621995871268,.7358361267896922,3.014596023233764,18.08689756828224,144.8153939227572,1.039088272384561,0.83605143771843,.00149269,5,,0.15,0,N
(2020 TE5),29.02,.3120286040810182,1.319742806888103,.9079453011088432,15.77530822177647,16.54272539919961,308.2476401419974,1.731540312667362,1.51614995605697,.0002247,7,,,0,N
(2020 TG6),29.11,.6990498091684849,2.238867471634109,.6737875928347566,.313700128910095,212.1919324216826,250.0904930207974,3.80394735043346,3.35004608981692,.000746385,8,,,0,N
(2020 TK7),29.63,.3079155690025875,1.030003409635712,.7128493236831261,4.84796394158543,21.47266036692517,257.6883609458474,1.347157495588297,1.04536076474023,.00012494,6,,,0,N
(2020 UY),29.0,.2529638925581685,1.110364123874986,.8294820929426293,.8251204379464311,37.67688531948455,70.19648437069949,1.391246154807343,1.17005515415193,.00239121,6,,,0,N
(2020 VG2),29.19,.3059945049995594,1.021474056907669,.708908608494315,3.995979113184962,229.6329930636839,73.67976368808584,1.334039505321023,1.03240289526,.00469539,8,,,0,N
(2020 VB3),29.7,.1778401696269726,1.040977557957548,.8558499324725056,4.389624872324084,231.4705669740778,266.3874112926837,1.22610518344259,1.06211184559371,.00317938,6,,,0,N
(2020 VH5),29.23,.4930409665798803,1.936093457778571,.9815200679664419,4.828261826311895,51.30605474699063,13.66607853276128,2.890666847590701,2.69400053995024,.00119995,7,,0.0438,0,N
(2020 XC),29.04,.1091216321674039,.9362753583397265,.8341074630795745,2.528804560922313,68.7762821157487,234.0724932800912,1.038443253599878,0.90596953181277,.000944819,5,,,0,N
(2020 YO),29.4,.4899776307985114,1.877075777988764,.9573506354605572,4.173923544835464,83.81763480852725,333.8831323541579,2.796800920516972,2.57176280313822,.00293909,7,,,0,N
(2020 YM1),29.7,.1152846413339284,.9047454310291542,.8004421785144478,2.598929997420588,276.9607616831104,317.2336307548849,1.009048683543861,0.860592981999989,.00377105,7,,,0,N
(2021 AS2),29.57,.7796270556108247,2.291396340090741,.5049617582283766,.8285886629857554,108.6404031062823,96.80182244199986,4.077830921953105,3.46863438417288,.000156755,8,,,0,N
(2021 AH8),29.59,.7911026305898735,2.202565286837163,.4601100943743441,5.611925475180835,284.2127036537186,78.34121620330441,3.945020479299983,3.26889813783827,.000201068,9,,,0,N
(2021 BO1),29.2,.5646122537339755,2.136422886248322,.9301723455148122,.4474201523813608,133.5209773207922,20.49409935947125,3.342673426981833,3.12276307024137,.00140777,7,,,0,N
(2021 BP1),29.6,.1733108341633283,.968370039497734,.8005410201736066,5.760202367077717,113.6488629197157,253.6943325886938,1.136199058821862,0.952950228895707,.00228735,5,,,0,N
(2021 CB1),29.2,.6165681585897618,2.323038613381178,.8907269731958317,3.873543446814063,135.2348881869025,314.2454056971392,3.755350253566525,3.54073028189953,.00473007,8,,,0,N
(2021 CS2),29.1,.4849004418065185,1.561495944016136,.8043258708836251,9.021849069401831,139.3707759864282,65.42381443547043,2.318666017148647,1.95127954982327,.00346314,7,,,0,N
(2021 CK3),29.8,.5427303578589063,1.695568520457571,.7753320105753371,.9166755166736953,139.9627653796585,289.724532571359,2.615805030339804,2.20790925380799,.000903298,8,,,0,N
(2021 CC7),29.74,.04835067377833566,1.022192508305526,.9727688117977872,7.02395217511609,143.1933675020666,52.29364835790819,1.071616204813266,1.03349229401924,.00450178,4,,0.003753,0,N
(2021 DA2),29.17,.2099833978837046,.8983372699603326,.7097013575684912,8.574767699965172,152.8487391610561,230.9163340052648,1.086973182352174,0.851466036074499,.00139451,5,,,0,N
(2021 EF1),29.7,.581874549463838,2.113592003023034,.883746608513635,1.194077527219094,170.0575836629223,41.61958250639414,3.343437397532432,3.07283993178489,.00119875,7,,,0,N
(2021 EF3),29.34,.2301495611851171,1.279600232835361,.9851008007559287,1.84237634063874,164.3786493328928,341.0978011839547,1.574099664914792,1.44750365136148,.00306803,6,,,0,N
(2021 EG3),29.2,.6861090986679849,1.571818191986118,.4933794290125809,21.74218609647685,169.3505846581533,256.2420079417583,2.650256954959655,1.9706598510896,.000430734,8,,,0,N
(2021 EN4),29.68,.7577754061369367,3.260172344293968,.7896939220201974,5.661733969264394,174.5810282343288,301.7915677228668,5.730650766567739,5.88666119441343,.000161221,7,,,0,N
(2021 EP4),29.26,.3844918942236916,1.577565628945169,.9710044320098513,5.000108111173195,355.4095190079706,154.3717125629396,2.184126825880486,1.98147845986058,.0034365,6,,,0,N
(2021 FO1),29.48,.3044173473529386,1.322677162161144,.9200312890517363,.7550080393857055,3.970593134683379,226.2924079503649,1.725323035270553,1.52120934487804,.000252563,7,,,0,N
(2021 GV),29.2,.6830413813748935,1.893298245855728,.6000971966517689,3.2199242835309,192.9149644767711,91.13608559023312,3.186499295059687,2.60517409502132,.000250442,7,,,0,N
(2021 GE2),29.15,.4843824737626599,1.18215684321736,.6095407871242783,10.21773786522406,13.39190489797694,78.68590199363773,1.754772899310442,1.28534837595948,.000589429,7,,,0,N
(2021 GW4),29.47,.3039246334819414,1.402792135700809,.9764490500065909,5.070498108883919,22.57642973576463,206.9609073504692,1.829135221395027,1.66149173785563,.00071253,6,,,0,N
(2021 GC13),29.13,.3583737280525825,1.484341379417832,.9523924255731508,3.368825734963241,24.33693136546778,142.1776142432401,2.016290333262514,1.80845994487373,.00257276,7,,,0,N
(2021 KQ2),29.96,.1128314718820365,.9129388838748591,.8099306458689152,3.28294368812897,248.0741736436418,173.773094648464,1.015947121880803,0.872309816194987,.00287065,5,,,0,N
(2021 KB22),29.98,.2908905882304173,1.361401638349149,.965382714951911,.4681326551904187,75.01546684277442,212.1048372462863,1.757420561746387,1.58850141356843,.000678335,7,,,0,N
(2021 NM1),29.10,.2991382436038623,1.273296070621045,.8924045204677661,2.072540959313955,285.6194870258973,292.9128798506839,1.654187620774324,1.43681978812591,.0034714,7,,,0,N
(2021 PA211),29.73,.5742733708128165,2.381373339300733,1.013814044576728,3.358485012874025,132.6485389707208,172.7888109107073,3.748932634024738,3.67493306277219,.00170331,8,,,0,N
(2021 RQ2),29.54,.1270559349567321,.9680329447741903,.8450386139069869,1.269343543960051,349.4793697560842,111.6315788284178,1.091027275641394,0.952452681692601,.00145917,3,,,0,N
(2021 RH6),29.28,.5980780885944184,2.419194847690826,.9723274172464319,4.152241587794157,169.3955735836035,205.8235720025322,3.866062278135221,3.76282894041459,.00165352,7,,,0,N
(2021 RG12),29.17,.03961587370102201,1.045569506041376,1.0041483565444,4.877752304850437,348.0880948056787,33.08857960386442,1.086990655538351,1.06914735321297,.00373171,5,,,0,N
(2021 SP),29.26,.4615807493403113,1.451632140783953,.7815866894744157,4.780768331363662,174.5410832780167,252.6875302936626,2.12167759209349,1.7490131122706,9.91376E-5,7,,,0,N
(2021 SW1),29.82,.3966919641053894,1.410727144186998,.8511030225426708,3.868909687083138,2.740138556092195,298.776765661602,1.970351265831325,1.67560920100403,.000981174,8,,,0,N
(2021 TQ4),29.94,.1210880435082566,1.136890081411176,.9992262857691537,10.64617515998931,193.2415053216226,166.046101167286,1.274553877053197,1.21223248701841,.00272584,6,,,0,N
(2021 TE13),29.35,.4748109890750086,1.777092569740084,.9333094890239462,2.128257907357763,19.17269376329512,322.7843378269604,2.620875650456222,2.36904482868806,.000123037,6,,,0,N
(2021 TT13),29.70,.5347161278176028,1.905658619359242,.8866722214732292,10.26543305073527,197.7248536555107,132.7134631101151,2.924645017245255,2.63072745702204,.00012249,8,,,0,N
(2021 TK208),29.535,.6114286097983668,1.722418634985837,.6692826035056461,.8907683355220181,193.1319859427039,267.4925250172689,2.775554666466027,2.26056123318625,.00134774,9,,,0,N
(2021 UT),29.30,.3472536239225132,1.092536256317768,.7131490820446873,.6647070329813065,215.5426509608004,79.78188316086523,1.471923430590849,1.14198918094337,.000965199,6,,,0,N
(2021 UX1),29.27,.1679987799683753,.8748010730059226,.727835560025902,1.579324469892243,215.190677010893,330.0964818198171,1.021766585985943,0.81822390364324,.000459115,6,,,0,N
(2021 UF3),29.12,.1225582440851745,1.141978898414996,1.002019969842932,5.991986962546163,213.9013979685527,199.1762707978852,1.281937826987059,1.2203806721032,.0141176,7,,,0,N
(2021 UO7),29.55,.2654472832115919,1.320383050028646,.9698909565999065,1.833226090290101,220.3872947234559,209.4408684728397,1.670875143457386,1.51725337824305,.00163855,6,,,0,N
(2021 UF12),29.29,.3784334378242941,1.128792139941043,.7016194498341126,21.55033060841498,36.0511344525972,94.34784884841467,1.555964830047974,1.19930368264424,.00180606,6,,0.004128,0,N
(2021 VH),29.64,.1733544060155315,.9941393433053649,.8218009079499929,.6123082491740077,217.4221635784112,81.50022579003328,1.166477778660737,0.99124062860564,.000128065,4,,,0,N
(2021 VR1),29.67,.1224557169872526,.9727145634505105,.8536001041592359,2.110859088071921,231.4686243059604,279.4871703224394,1.091829022741785,0.959370432500987,.00373296,4,,,0,N
(2021 VM3),29.86,.5392955468694991,1.877518903508717,.8649813196831612,5.710012865116885,225.3227730653782,231.2762734197801,2.890056487334273,2.57267353966616,.00146735,7,,,0,N
(2021 VY7),29.38,.4139033654088154,1.223983708517547,.7173727323565716,5.986988322189892,49.99048853850741,85.86997564708518,1.730594684678522,1.35416522905006,.00115988,7,,,0,N
(2021 WF3),29.42,.4511699521348845,1.461054774535328,.8018707618417797,.8478879593333836,73.53951722000085,62.41942679906656,2.120238787228876,1.76607014517965,.000929484,7,,,0,N
(2021 WZ5),29.09,.1072509557995593,1.108949824509651,.9900138958972374,2.426067726529982,249.5940529804268,203.7213047371615,1.227885753122065,1.16782037210413,.0107577,6,,,0,N
(2021 XF1),29.54,.3927167541554119,1.508757571604913,.9162431952768304,.5035074199894027,86.32658937806812,27.26256989188406,2.101271947932996,1.85326445480684,.00200601,7,,,0,N
(2021 XC2),29.77,.4655263516334758,1.689300527155269,.9028866159361695,3.386612285548581,74.22049806346295,41.55536191955745,2.475714438374369,2.19567763717741,.000831897,7,,,0,N
(2021 XU5),29.41,.6490829274185942,1.716530929392779,.6023600087379538,2.033587729281475,258.6365428390676,268.2586923435758,2.830701850047605,2.24898030417562,.000120577,9,,,0,N
(2022 AU),29.13,.3494488367955326,1.437081871968592,.9348952834292207,4.70099130358101,103.5880176517119,323.071250717141,1.939268460507962,1.72278256840232,.00155382,7,,,0,N
(2022 AO1),29.60,.5872136227766359,1.945325619928162,.803003915169941,1.394633750469867,105.629314600237,297.547390286196,3.087647324686383,2.71329279757735,.00110063,7,,,0,N
(2022 AC4),29.08,.3321065151892778,1.364368192776058,.9112526268381086,5.827460630393079,110.2563951592946,45.65462548100289,1.817483758714007,1.59369636334128,.00132691,6,,,0,N
(2022 AY4),29.70,.6958143542702012,2.468875326348829,.7509964353717861,1.334770104878735,107.572382810112,292.9180349715713,4.186754217325871,3.87933193316234,.000819418,7,,,0,N
(2022 AY5),29.20,.4270970710869414,1.573757212294647,.9016101163216537,.8356537360740089,291.4185473218425,134.5584060902393,2.245904308267642,1.97430753220772,.0005649,7,,,0,N
(2022 BT),29.82,.1831293818182917,1.179639021881322,.9636124570354611,3.931684109903881,303.7199429110545,149.1657416147215,1.395665586727183,1.2812441569144,.00137418,6,,0.0366,0,N
(2022 BD1),29.32,.7703709954209456,1.701227602707447,.3906512009721222,.285433775798291,138.0790428846428,101.3558138302257,3.011804004442772,2.21897205632705,.0009312,8,,,0,N
(2022 BN2),29.76,.2746671925283319,1.068672611015944,.7751433052162725,5.911008172394386,308.4570063115164,269.6409676482747,1.362201916815615,1.10477851754075,.000852198,6,,,0,N
(2022 BM3),29.51,.261527712124756,1.152050490638784,.8507573615698201,4.551394426531782,304.7073042238564,108.7581619547092,1.453343619707747,1.23656079206578,.00232662,7,,,0,N
(2022 BX5),29.04,.07303406107186333,1.078825482191212,1.000034476038977,.3864887859353316,6.183551031984911,101.2919713930275,1.157616488343448,1.12055969226144,.0187728,5,,,0,N
(2022 BY39),29.93,.06574492517768285,.9856291722895314,.9208290561044147,3.365364746846116,124.7319533523674,265.1384265355107,1.050429288474648,0.978539871124596,.00241078,4,,,0,N
(2022 CK4),29.12,.2563943995946776,1.239117097071538,.9214144129403814,6.221549130036972,315.9199934429747,129.019515746899,1.556819781202695,1.37935713674662,.00687379,7,,,0,N
(2022 CU4),29.33,.191207981320157,1.140813230145689,.9226806353462044,1.70263410167417,140.4585755994755,302.244965050413,1.358945824945174,1.21851260438022,.00254562,6,,,0,N
(2022 CL7),29.66,.4825181342820365,1.79377341229216,.9282452120682245,7.226285744982227,144.6196277089509,324.5866979339636,2.659301612516094,2.40247886634392,.000920998,7,,,0,N
(2022 DM4),29.21,.2688489143537171,.9880007160986131,.7223777961948058,4.708794234893978,161.8528433654352,105.5075444384009,1.25362363600242,0.982073723846823,.000487598,6,,,0,N
(2022 DY29),29.77,.6227285093171471,2.495847793566943,.94161221759651,4.082981868220473,158.7323901436317,330.5257336116334,4.050083369537377,3.9430778130195,.000688845,6,,,0,N
(2022 ED),29.05,.2745746838721334,1.316019336452422,.9546737431763838,1.429516327105038,157.0835446791781,321.7154092442179,1.677364929728461,1.50973807517886,.00254462,7,,,0,N
(2022 EO),29.49,.2499257936363781,1.010975574823401,.7583067019386687,4.533763277807564,343.1743161984663,281.464281537431,1.263644447708133,1.01652765203385,.00206852,7,,,0,N
(2022 EQ),29.72,.3653006051843855,1.372934079713443,.8714004295158547,11.82406006101862,342.0144448628757,237.0385695052014,1.87446772991103,1.60872840612037,.00173677,6,,,0,N
(2022 EZ),29.30,.3685355112267682,1.52766862240109,.9646684856594118,11.67353039861541,341.7884655998739,151.6602686114319,2.090668759142769,1.88821715947007,.00636719,6,,,0,N
(2022 EV3),29.84,.5516124215358286,2.147434372692128,.9628828982821502,6.358682733174067,168.5401797274597,26.96095553041358,3.331985847102105,3.14693702962593,.00558721,6,,,0,N
(2022 EW8),29.11,.3858067419232599,1.532131766711361,.9410250015993225,6.567543162425419,340.5320483273829,143.3769334916597,2.123238531823399,1.89649795196932,.00384573,7,,,0,N
(2022 FA1),29.26,.4723342656017087,1.463129840822686,.7720434819777576,.4620077748857882,352.752530785877,265.4400055068234,2.154216199667614,1.76983387831904,.0017883,7,,,0,N
(2022 FF1),29.10,.2372157008055249,1.241981000741191,.9473636072632222,6.671513320340433,184.0585997404541,49.14223585785579,1.53659839421916,1.38414194802626,.0110441,7,,,0,N
(2022 FL1),29.24,.1904515931395022,1.247147041816697,1.00962590082349,.02904237750105816,170.5141917018352,9.22585678246476,1.484668182809905,1.39278696517893,.0147195,6,,,0,N
(2022 GB),29.42,.2329104168064196,1.068388281895051,.8195495218477804,9.454351682015528,190.2002858964058,272.1139799792335,1.317227041942322,1.10433764377794,.00289851,6,,,0,N
(2022 GC),29.01,.6153627141928421,2.018430140514881,.7763634908390042,5.45899646234018,191.1975617853811,294.3662093564008,3.260496790190758,2.86766744696895,.000620062,7,,,0,N
(2022 GL),29.47,.2698770819987447,1.160739287164752,.847482355383426,.42311957201038,177.7074938867209,299.3085398843505,1.473996218946079,1.25057639917559,.00154695,6,,,0,N
(2022 GA2),29.41,.2960857222344361,1.268361325543841,.8928176464159662,2.159184709477126,198.2308398077928,57.28664004455515,1.643905004671716,1.42847514779829,.000312774,6,,,0,N
(2022 GX2),29.34,.3458718782160115,.9098651218078631,.5951683632049374,1.829719106250574,186.6036159185346,237.8568911438211,1.224561880410789,0.867908073563634,.00134814,7,,,0,N
(2022 GN3),29.08,.3655986532486784,1.542979753207297,.9788684334447311,6.152724162869096,198.9721077127852,25.60970662625762,2.107091072969863,1.91667528718997,.00358043,6,,,0,N
(2022 JV),29.64,.4106481152874814,1.49683223793938,.8821609005280308,3.669164411240306,225.4390327368291,303.3065799789061,2.11150357535073,1.8313354171844,.00206458,7,,,0,N
(2022 JN11),29.40,.2955560509132379,1.33105073444166,.9376506358049184,1.6407141899895,45.42454479260876,132.5179562003747,1.724450833078403,1.53567783632015,.000902103,7,,,0,N
(2022 KQ5),29.10,.2612575815065823,1.312544670587123,.9696324243301776,3.225557911659305,68.98307678629851,217.691247420756,1.655456916844069,1.50376281585697,.000546595,5,,,0,N
(2022 KP6),29.41,.3676242975456718,1.576911117028291,.9972002753388048,7.208859229215218,64.04628422142338,199.0664469433204,2.156621958717777,1.98024545245192,.000745534,6,,,0,N
(2022 MJ3),29.56,.4440571660062749,1.733717347248999,.9638477353736916,3.773742818967709,98.50652658953267,214.8210467849161,2.503586959124306,2.28284089681692,.00160367,6,,,0,N
(2022 QC265),29.60,.5863637235946101,2.410146029508543,.9969238292391488,17.36399070582014,147.4309329117279,197.0203795798695,3.823368229777937,3.74173682240701,.00144136,9,,,0,N
(2022 SF19),29.31,.5611985193073759,1.997294658397211,.8764158534841651,2.203893950996623,182.3266572002597,129.580887269385,3.118173463310256,2.82274348070876,.000580337,8,,,0,N
(2022 TA41),29.27,.2448370020218944,1.30642189477864,.9865614746852751,31.34907590703974,188.0165947096204,154.4703759993658,1.626282314872005,1.49325293726335,.00457615,8,,,0,N
(2022 TB41),29.77,.3817359887936004,1.595645818243894,.9865303840521874,5.191474745821223,188.5981973274207,200.9441031365776,2.2047612524356,2.01563991451134,.00289662,6,,,0,N
(2022 UG3),29.32,.5637891081544147,1.645167959620943,.7176401829020331,2.132705249863942,23.1665186705939,77.10661355093883,2.572695736339852,2.11019974648851,3.28489E-5,6,,,0,N
(2022 UA5),29.94,.154178044887299,1.132575629662548,.9579573333941743,1.558866070687652,23.78193545885479,315.2120340289197,1.307193925930921,1.20533847831795,2.40615E-5,6,,,0,N
(2022 UQ6),29.13,.3985005133873013,1.66053555724119,.9988112851827071,14.24918693523957,206.6750785825999,179.7330746137374,2.322259829299672,2.1398359114102,.00304454,7,,,0,N
(2022 UV7),29.50,.6318383849138215,2.380811686756145,.8765234758121914,1.834949593167653,210.9084533822246,226.0395606880365,3.885099897700099,3.67363302692829,7.21704E-5,7,,,0,N
(2022 UL11),29.15,.4900881534227192,.6693360082785135,.341302359961963,3.62094034995159,212.2133573838296,.7527693370603746,.9973696565950639,0.547613929126953,.00261365,7,,,0,N
(2022 UB13),29.92,.3665579125397297,1.562060244669516,.9894747021221586,9.284401119519933,213.8449467919671,192.7517729036493,2.134645787216873,1.95233738907418,.00220424,6,,,0,N
(2022 UM13),29.45,.2378676737245693,1.233018289993854,.9397230976931698,3.094564493579972,29.91050973738628,305.1345261471433,1.526313482294539,1.3691860964573,.00812371,8,,,0,N
(2022 UC14),29.67,.1869643558516845,.9886709804934597,.8038247474762467,3.206278799351026,212.6368418906922,77.39111407510447,1.173517213510673,0.98307325856378,.00019939,5,,,0,N
(2022 UX14),29.05,.6681830818331298,2.73268204190191,.9067501334738417,7.258988435795512,213.3363960647231,140.2917056148625,4.558613950329978,4.51743441863168,.00201373,8,,,0,N
(2022 UA21),29.15,.2961962004806634,1.415123875895133,.995969560645525,2.304269964234652,35.58577598297502,1.844718505731696,1.834278191144742,1.68344871277142,.0027435,5,,,0,N
(2022 WO6),29.02,.2657992978775225,.8310037312263504,.610123522932785,6.320366989901204,61.05268293444526,213.6379490264322,1.051883939519916,0.7575523729905,.00210109,6,,,0,N
(2022 WM7),29.88,.629843088461169,2.453852984591745,.9083106421468232,.8945142848410214,66.1872488183417,36.42257181309659,3.999395327036668,3.84397904766809,.000164043,6,,,0,N
(2022 WN9),29.55,.6591860145866648,2.257510929811792,.769391297103321,2.318321790674091,245.7111474376953,115.93297330565,3.745630562520264,3.39197774944165,.000473176,7,,,0,N
(2022 WE11),29.86,.5175536360359809,1.966609380793623,.9487835451014145,9.308929531987992,245.9251084821155,208.3790220576311,2.984435216485832,2.75794348131301,.00190055,8,,,0,N
(2022 XL),29.30,.3087805588759528,1.141143999924498,.7887809178698714,4.318268110366174,248.7658595966325,98.51412661831409,1.493507081979125,1.21904258993918,.000426634,6,,,0,N
(2022 YC),29.50,.2373885014881836,1.229158316167346,.9373702654006404,.1515471630818958,25.20679485076375,101.8284202646137,1.520946366934051,1.3627617585014,.00147847,7,,,0,N
(2022 YM1),29.20,.1372618586928397,.869739627710319,.7503575498319822,1.129512123541124,267.2833496811655,352.3800133783064,.9891217055886556,0.811133035468189,.00258731,5,,,0,N
(2022 YK3),29.18,.4725632117964666,1.484480935593507,.7829698568188157,5.496528988535005,273.7213927395125,248.3218565662734,2.185992014368199,1.80871499504886,.000533797,8,,,0,N
(2023 BU),29.69,.1103421506341964,1.106564323431292,.9844636361688084,3.731740335855036,125.1129215771135,356.0878703669164,1.228665010693775,1.16405418992894,.0013526,1,,,0,N
(2023 BL2),29.12,.2744975609223206,.9681658470303152,.7024066834522011,11.66828310526002,125.367107939179,109.7635038447131,1.233925010608429,0.95264883326293,.00203618,6,,,0,N
(2023 BY2),29.49,.6480402820567999,1.959996665581444,.689839873587658,4.984559564744184,121.5042041925485,282.8643434944376,3.230153457575231,2.74404482239652,.00156371,7,,,0,N
(2023 BT3),29.65,.4087499833511496,1.511833242903377,.8938714300369071,5.514915872319086,306.8521353751795,227.5075600124291,2.129795055769847,1.85893428840768,.00114262,7,,,0,N
(2023 BZ3),29.08,.5005712239635691,1.971748132233424,.9847477563334578,.7711294477304166,132.7510526524855,356.4024082159928,2.958748508133391,2.76876030156662,.00101937,7,,,0,N
(2023 CW2),29.72,.1359151916329956,1.147176203305658,.9912575297965568,.2501309436764894,328.2637475351386,187.8934679110976,1.303094876814759,1.22872132742941,.00252166,5,,,0,N
(2023 CZ2),29.11,.1473881582121658,1.065065168393412,.9080871748479764,1.955566791145228,321.5229840683754,106.2795801872356,1.222043161938847,1.09918925683432,.00406148,6,,,0,N
(2023 CG4),29.22,.5780499945155042,2.043501417024567,.8622554341210911,1.545165776150438,138.0310390603362,313.3153741518638,3.224747399928043,2.92126272417351,.00110402,8,,,0,N
(2023 CS6),29.23,.4193285805396217,1.483839756630591,.8616233377344278,31.11741727037228,325.1265582076849,123.5372405689861,2.106056175526755,1.80754328774493,.00479954,9,,,0,N
(2023 DR),29.90,.5860538037063491,2.022229685062969,.8370942861639236,3.939938920672454,336.4503733426227,233.9409796261585,3.207365083962014,2.87576851227326,.000516434,6,,,0,N
(2023 EQ1),29.14,.3081884964049162,1.249983347381992,.864752859021152,3.719683074126992,352.9972372752538,111.77470457,1.635213835742832,1.39754095302638,.00606072,7,,,0,N
(2023 ET1),29.61,.3774389308628501,1.385811783657537,.8627524656566969,.6309277354293331,345.6441302021085,125.7850643454372,1.908871101658377,1.63141547309823,.000739566,7,,,0,N
(2023 FO),29.44,.2019662452941609,1.188391007812545,.9483761380233011,6.69204671320211,357.0306361005906,225.5192020112653,1.428405877601788,1.29552929457661,.0033269,6,,,0,N
(2023 FY3),29.02,.06723652412717585,1.069137003124072,.9972519472182639,.5929957562594343,1.815626711797117,154.4628821029031,1.14102205902988,1.10549871868376,.00777539,3,,,0,N
(2023 FN6),29.09,.6731271782672631,2.13039253462042,.696367419189734,5.90871652883235,184.4376016163664,284.5093437740064,3.564417650051106,3.10955075303638,.000287507,7,,,0,N
(2023 FZ48),29.52,.574734217561079,2.19319897427441,.9326924778390459,5.409213982346001,179.1277227128516,325.5645399967291,3.453705470709774,3.24806905128998,.00030058,8,,,0,N
(2023 HT),29.98,.5168618965448382,1.912862838690124,.9241769240546038,1.869964417094058,27.73937744304245,220.8343310979027,2.901548753325645,2.64565949010075,.000748298,6,,,0,N
(2023 HZ),29.08,.4336317730317969,1.144813902898154,.6483862203929761,3.86759710974842,203.3421208004468,261.5971366525147,1.641241585403332,1.22492795102535,.00124465,7,,,0,N
(2023 HF3),29.16,.4128010015980682,1.383446567369214,.8123584387017935,5.940144373216042,30.24197683258816,108.7929591196475,1.954534696036635,1.62724065989332,.00302816,7,,,0,N
(2023 JO),29.21,.6857190394496134,2.161760626459079,.6794002061635648,4.883231141370585,227.7908172085966,281.2254923634171,3.644121046754593,3.17848089981208,.000475949,7,,,0,N
(2023 JA3),29.73,.2281225683097129,1.059310178002027,.8176576195595856,8.055412907813439,230.487298396925,268.9035608088672,1.300962736444469,1.09029223697605,.000254667,6,,,0,N
(2023 LS),29.93,.1133509502837944,1.019805213505356,.9042093234501565,2.373582733321036,257.813269814701,265.0139769550922,1.135401103560556,1.02987388116574,.00122079,4,,,0,N
(2023 LP1),29.70,.3865276082589774,1.125318112675199,.6903515940523477,13.13482297377273,261.6249949553819,261.1792551900155,1.56028463129805,1.19377138904151,.00176151,7,,,0,N
(2023 MU2),29.09,.1620528971951629,1.150590852188024,.9641342711047034,1.203658749170543,94.95124157311484,229.8096563399058,1.337047433271345,1.234211468146,8.74685E-5,4,,,0,N
(2023 MW2),29.98,.5197985868243413,2.058880833283678,.9886774857030999,8.27391276967977,91.11516085287842,202.6073936897489,3.129084180864256,2.95430288275343,.000284041,6,,,0,N
(2023 MB3),30.00,.3180694832754966,.8794317965737048,.5997113794614649,5.916929503858369,268.7423363943618,225.1116767183565,1.159152213685945,0.824729345744321,.00157212,5,,,0,N
(2023 PZ),29.12,.05977066642672865,.9674028945235525,.9095805788147335,1.095029280945063,319.3034805738675,148.7668234220158,1.025225210232372,0.951522968401498,.00177089,3,,,0,N
(2023 QR),29.31,.7162887670912931,2.095268494534236,.5944512078590782,1.508956863085778,144.3030396342718,272.3144764670814,3.596085781209393,3.03296728918861,.000154836,7,,,0,N
(2023 RK5),29.10,.405985767090909,1.481171865964836,.879837169767629,.6087094985329158,176.3983985652095,113.9687575686652,2.082506562162044,1.80267063259399,.00189078,7,,,0,N
(2023 RF156),29.66,.5086947634463358,2.047305239716642,1.005851785096541,6.801378676862072,163.7653300742307,189.1441775957674,3.088758694336743,2.92942308175676,.00232278,7,,,0,N
(2023 SN1),29.32,.5826790729722774,1.63172749844395,.6809540323072563,1.737439247668204,180.0304602958476,259.4786180205348,2.582500964580645,2.08439321585324,.00174286,7,,,0,N
(2023 SC2),29.30,.6554929788581403,2.037105894844548,.7017972835834176,4.829891243571718,175.726745486289,103.4032584692721,3.372414506105678,2.90755949786403,.000563269,7,,,0,N
(2023 TX),29.66,.313425917672119,1.325747578834866,.9102239273369579,.770877896804262,191.7413672656557,234.164562513366,1.741271230332773,1.52650934126001,.00068389,6,,,0,N
(2023 TY),29.15,.4242553847631182,1.240369678609315,.7141361633624147,1.352040137939065,11.07100318462969,271.3999781615809,1.766603193856215,1.38144918339041,.000340271,7,,,0,N
(2023 TB1),29.30,.3392511157791067,.8889131413292797,.5873483663026108,3.258572151357626,12.13322770529774,130.5016134751559,1.190477916355949,0.838102608372288,.00158656,5,,,0,N
(2023 TR1),29.84,.6295023711592308,1.315066016127242,.4872288407442197,4.838326129090349,193.6338094947672,288.7564571664821,2.142903191510264,1.50809789793544,.000480266,7,,,0,N
(2023 TJ4),29.37,.3650294174089407,1.24458104045367,.7902723483386535,11.90151146494728,14.4726625456212,281.9962153046638,1.698889732568686,1.38849069435235,.00172289,7,,,0,N
(2023 TX6),29.16,.2699594364548111,.9431853390879573,.6885635564753324,1.036002508810504,21.46574920204737,236.2973326810022,1.197807121700582,0.916017486790868,.00192898,5,,,0,N
(2023 TD7),29.21,.3514300161407622,.9290418757484262,.6025486743587128,1.703857753242134,198.3659364068321,303.6754385225088,1.25553507713814,0.895490817904014,.00109373,5,,,0,N
(2023 TU15),29.16,.5078950327453027,1.755853802674918,.8640643780693763,.2597364962440131,20.13764144240136,305.7118461796238,2.64764322728046,2.32670182776737,7.96863E-5,7,,,0,N
(2023 TP16),29.78,.08995950031247049,1.096988278738077,.9983037613341624,1.394362825745869,13.58248518144033,38.95493383122584,1.195672796141991,1.14897659757872,.0119956,6,,,0,N
(2023 TO17),29.67,.4602396850031568,1.18673584415641,.6405529130599087,3.625501062613651,200.6868397256051,82.22512277783079,1.732918775252912,1.29282366211362,2.20306E-5,6,,,0,N
(2023 TZ65),29.63,.735886585832331,2.412918106682929,.6372840392630161,7.33648993856851,196.6482602726942,97.99076081485505,4.188552174102842,3.74819412730053,.00092988,8,,,0,N
(2023 TD167),29.37,.1869730624676003,.8457713915359739,.687634924313009,1.358624446047816,196.345641317307,2.454404801315781,1.003907858758939,0.777835371786404,.00265116,7,,,0,N
(2023 UY),29.96,.2506535225312075,.9375058966146737,.7025167412344276,.4593301667465175,16.29818254561961,246.0457208830607,1.17249505199492,0.907756179935331,.000641016,4,,,0,N
(2023 UX2),29.50,.6710195425852417,2.0971693270099,.6899277244759178,10.8761381581044,24.2424943513571,76.48045839272859,3.504410929543881,3.03709549763583,5.96052E-5,7,,,0,N
(2023 UK3),29.21,.4239741304231066,1.586280112271759,.9137383810638721,3.001467408500589,211.1650425824599,223.0333744817389,2.258821843479646,1.99791966392691,.000333816,7,,,0,N
(2023 UR10),29.96,.3733537937058186,1.474411138075032,.9239341461926048,9.378811244060982,206.197520025846,137.2180616847611,2.024888129957458,1.79034244013743,3.42244E-5,8,,,0,N
(2023 VS),29.84,.1192212052347932,.9956466796445508,.8769444825093075,.1124597105785082,109.9962207152695,28.23115278661687,1.114348876779794,0.993495894801805,.00138725,5,,,0,N
(2023 VO1),29.60,.5156942627986053,1.347567412983063,.6526346293733386,4.755322144422277,41.63445349948988,269.9360242426324,2.042500196592788,1.564350094276,.00035226,7,,,0,N
(2023 VP3),29.49,.2675982332830371,.8088046312328631,.5923699408438106,3.660003778031727,44.99162769371183,204.3704037789422,1.025239321621916,0.727400585546229,.000702956,5,,,0,N
(2023 XU),29.59,.4144271829685801,1.352365207775623,.7919083043724529,2.683263956717372,72.42833742221227,286.5085234409545,1.912822111178792,1.57271194746212,.00208376,7,,,0,N
(2023 XG2),29.47,.1960517441813888,1.205197281897974,.968916252699207,4.60185663873304,73.48783452064332,29.59972747975487,1.441478311096741,1.32310837231918,.00384082,6,,,0,N
(2023 XO14),29.16,.05762871830703023,1.051198167747926,.9906189646539145,6.446112956184353,79.80647395137679,7.461669490240901,1.111777370841938,1.07779234603062,.00693837,5,,,0,N
(2024 CK1),29.36,.5279006823605055,1.814559785906852,.8566524367426921,.5072204463988437,128.8936232689034,61.59693248148316,2.772467135071012,2.44435975700468,.00159908,7,,,0,N
(2024 CY1),29.23,.4763888331582111,1.325671803243452,.6941365597455624,.7315304715261736,146.5853972031562,81.55325783043718,1.957207046741342,1.52637846736995,.000740337,7,,,0,N
(2024 CT6),29.19,.7029296999147813,2.053993501528184,.610180465872067,3.989804151162695,145.7637567315883,87.31303552837562,3.497806537184302,2.94378982674099,.00204281,7,,,0,N
(2024 CF7),29.46,.2148518737734431,1.092524991933928,.857793950272608,15.02988980630234,327.6915098575108,255.235393046538,1.327256033595248,1.1419715196009,.00111813,7,,,0,N
(2024 DY),29.02,.4759419514534591,1.545495700922897,.8099294610627217,.7046893806025608,146.2727481904034,299.0718350646814,2.281061940783072,1.92136512841881,.000626429,7,,,0,N
(2024 EF),29.15,.2168537533857296,1.145611983654756,.8971817250755515,9.103116836053239,343.7871567436237,242.3124635301974,1.394042242233962,1.22620906987798,.00114875,6,,,0,N
(2024 EJ4),29.38,.334139129218531,1.427220873213647,.9503305334355274,1.707646735162101,353.4653405446155,214.2399204795954,1.904111212991766,1.70508088322518,.000166911,5,,,0,N
(2024 FD1),29.42,.3364224822015149,1.503039231690938,.9973830425192148,.9625304648380374,3.864840166057663,188.1377570759442,2.008695420862662,1.84273836188097,.00180788,7,,,0,N
(2024 GV2),29.18,.2203500590529096,1.253361027127263,.9771828507851555,1.757147552395925,199.4172364810261,329.2330036165069,1.529539203469371,1.4032093883924,.00112307,6,,,0,N
(2024 GX3),29.71,.2967154189455053,1.109153702535676,.7800506970128444,9.255661160569113,200.5046043772817,271.9412354934082,1.438256708058507,1.16814243877906,.000722476,6,,,0,N
(2024 GY4),29.55,.5032753779292708,1.921209153315209,.954311890599323,6.000760197242553,199.3257437622532,329.6895826521171,2.888106416031096,2.66299390796091,.000799422,8,,,0,N
(2024 HQ),29.42,.2719508002652737,1.26013266169207,.9174385759045024,4.245766149182674,30.48205627541676,232.5727417424128,1.602826747479638,1.41459658305196,.000472576,7,,,0,N
(2024 HO2),29.47,.408793773359668,.7358679851406564,.4350497348004314,5.634054220410842,39.31194129056259,16.89189487011831,1.036686235480881,0.631259701294549,.000578241,7,,,0,N
(2024 JT3),29.13,.5524912470532009,2.17255558578504,.9722376409022658,2.282825204208569,49.22224472079453,206.016896136873,3.372873530667813,3.20231867159923,.000218429,6,,,0,N
(2024 JN16),29.59,.241535404628957,.9338822282469766,.7083166063715511,3.882946004682446,53.66997298504614,302.5680543350612,1.159447850122402,0.902498250235344,.000554303,5,,,0,N
(2024 MW),29.25,.5710913478497307,2.006526994504722,.8606167887161511,5.340892206763209,96.83282143218017,234.67296445109,3.152437200293293,2.84233794236418,.000354674,6,,,0,N
(2024 OG2),29.09,.6013371482726709,2.509019412012329,1.000252833832062,8.338929261185671,304.8383038702098,342.6378306617905,4.017785990192597,3.9743328314379,.00232097,6,,,0,N
(2024 PY),29.43,.3825787639655568,1.542184724854899,.9521775990133495,1.229000082314438,310.8828781336776,322.7468337352843,2.132191850696449,1.9151941126434,.000482308,6,,,0,N
(2024 RP1),29.32,.2007061301658161,1.059891246274542,.8471645758381547,.9839921030173904,341.5417967054589,269.3713070263257,1.272617916710929,1.09118945449187,.000932455,5,,,0,N
(2024 RL3),29.09,.4126290182074752,1.690485570936855,.9929421695072774,2.567513580687972,342.4173096247648,341.0342976610434,2.388028972366433,2.19798844306079,.000362098,6,,,0,N
(2024 RH7),29.84,.4296649783102241,1.190718066480914,.6791082142728003,11.32525482092731,165.9207991486645,275.1438740115195,1.702327918689028,1.29933643552401,.00110415,7,,,0,N
(2024 RY13),29.55,.1635245230757987,1.203612076500467,1.006791985722456,1.674677640514131,171.5318726443488,156.1589780871836,1.400432167278478,1.32049878872775,.00570916,6,,,0,N
(2024 RS16),29.21,.4335337793290723,1.50252818061434,.8511314599241702,4.494387465012021,168.3324110146309,117.9222556758167,2.15392490130451,1.84179861258912,.00170578,8,,,0,N
(2024 ST),29.68,.499154579867677,1.759069138684467,.8810217218062253,.5265922629664577,183.9428466362785,125.6345644757814,2.637116555562709,2.33309577012671,.00058473,7,,,0,N
(2024 TF),29.19,.302514274200297,1.35855613415363,.9475735112697836,.6850109955109372,188.8821654965015,222.6022023125034,1.769538757037477,1.58352375900038,.000691036,6,,,0,N
(2024 TD6),29.56,.13973805820421,1.13354602031577,.9751465005517345,.7996760900100379,185.4236075593331,149.4087415107088,1.291945540079806,1.20688791086675,.00156175,6,,,0,N
(2024 TB7),29.23,.258290041820335,1.074172162471071,.7967241897041784,6.072355266377664,19.49683797844691,88.58357084539126,1.351620135237964,1.11331751668679,.000653102,7,,,0,N
(2024 TA12),29.48,.2551000136077773,1.289833523132624,.9607969738297243,6.687256493476723,200.3471950227457,216.4100797756108,1.618870072435524,1.46490240679528,.00212272,7,,,0,N
(2024 TK22),29.95,.3844927666533739,1.429599485275762,.8799288239758448,10.89242813605116,202.0063207284246,235.0772727599118,1.979270146575679,1.70934520073737,.000831098,7,,,0,N
(2024 UY),29.21,.5649132772940433,2.087640915707665,.9083048442021103,1.40165816542881,215.6472798241992,216.6595813909443,3.266976987213219,3.01642062940719,.00166351,7,,,0,N
(2024 UD1),29.39,.4078980319612823,1.623308681825417,.9611642652431662,4.440944120433817,209.6107786318028,150.0230146600191,2.285453098407668,2.06828255697253,.00216285,7,,,0,N
(2024 UQ3),29.48,.2784504423168985,.8200745938566706,.5917244604644297,7.38357318400245,210.0272593526145,331.8884974774517,1.048424727248911,0.742656931039201,.00488516,7,,,0,N
(2024 UO5),29.39,.3661262737792191,.9092286937266529,.5763361800793667,1.527574559454743,214.8162805495201,305.2196766913241,1.242121207373939,0.866997612571051,.000288512,6,,,0,N
(2024 UR7),29.98,.2460086548916756,1.078057225593127,.8128458176287103,.5659918957867106,10.0440399604407,290.0290497653443,1.343268633557544,1.11936294064063,.00275413,7,,,0,N
(2024 UV7),29.37,.3608101484088132,.9298543102234078,.5943534385531254,1.944567485597285,217.3903245308845,56.52448771439915,1.26535518189369,0.896665716466014,.00148972,6,,,0,N
(2024 UR9),29.54,.4684676319569413,1.54916319911729,.8234303837119735,3.973014275269382,216.7576720948674,115.2611013345759,2.274896014522606,1.92820835217138,.00276852,8,,,0,N
(2024 UB11),29.97,.4729652840064858,1.335839304643415,.7040336885357159,3.819983351306907,36.76150387984333,275.7059196317622,1.967644920751114,1.5439723861105,.000407262,6,,,0,N
(2024 UD11),29.36,.4635077082324048,1.114132967774999,.5977237492154417,5.862273793038614,39.81481755641659,104.1928194185074,1.630542186334557,1.17601738081904,.00101643,7,,,0,N
(2024 VR4),29.73,.06961075351678921,1.034624313232939,.9626033351820038,1.808675810965061,50.28361070550601,305.0756848239013,1.106645291283875,1.05240335072883,.000127958,7,,,0,N
(2024 WJ),29.75,.1074555918187501,1.039443843089216,.9277497897677083,3.271952141475683,57.14254428825466,292.5661452153829,1.151137896410724,1.05976543107206,.000658483,4,,,0,N
(2024 WV1),29.34,.6163202688062206,2.488658200691532,.9548477094745218,2.624451065272993,243.8497922365796,203.0683687860706,4.022468691908543,3.92605231653003,.000612783,6,,,0,N
(2024 WG12),29.36,.1680405951970757,1.058833812895542,.8809067487617863,3.993719966648573,246.1985368005307,103.7126160790301,1.236760877029298,1.08955687334911,.00133739,6,,,0,N
(2024 XS2),29.31,.2623609449301488,1.140451064284108,.8412412454119355,3.569180074662142,76.39642506931152,71.39311245329287,1.43966088315628,1.21793240164066,.00117794,6,,,0,N
(2024 XF6),29.40,.2685958854347812,1.145501816777865,.8378247420332641,3.889521158658263,253.964965573976,104.2981326625805,1.453178891522466,1.22603219798173,.00315106,6,,,0,N
(2024 XV11),29.28,.6005703696717885,2.39408557991386,.9562687181590951,3.679877738244478,74.43111711784739,338.3130629128613,3.831902441668625,3.70439857507878,.00104926,7,,,0,N
(2024 YL),29.2,.1142658932828131,.9335813522008857,.8269048450394749,.5309744128129621,76.02863164160196,244.7628589283623,1.040257859362296,0.902062138124997,.00141332,6,,,0,N
(2024 YR6),29.725,.2218556358341965,1.060725251595318,.8253973764572504,.0845446167221813,129.802485924125,51.59424585505959,1.296053126733385,1.09247765762155,.000666887,6,,,0,N
(2024 YJ7),29.415,.313354848770764,1.307958124667986,.8981031043141573,7.731612927075838,98.85849654131827,51.49079063607397,1.717813145021815,1.49588759997992,.00249655,6,,,0,N
(2025 AC),29.031,.1879537728653637,1.202290233817785,.9763152482925517,3.953581902576159,102.3740893296607,18.93073125450592,1.428265219343017,1.31832406935188,.00187096,4,,,0,N
(2025 AG1),29.439,.08370721724839804,1.04507463806781,.9575943482982773,2.374340984068005,105.5335287342422,304.6472102552684,1.132554927837344,1.06838840198312,.00431458,5,,,0,N
(2025 AA4),29.191,.5016165546330105,1.639542315120327,.8171207478346393,1.598761405371589,107.9303952079962,291.4842903753967,2.461963882406016,2.09938527675831,.00382869,7,,,0,N
(2025 AH4),29.976,.551201329434484,1.655241582047289,.7428702214875849,1.259600184714062,100.2285904376635,288.0915015078019,2.567612942606993,2.12961101337491,2.31412E-5,8,,,0,N
(2025 BD1),29.645,.3021961062540624,1.285419006960255,.8969703881519028,2.668543336876063,118.2535212206386,305.65950113,1.673867625768608,1.45738829878006,.0022175,7,,,0,N
(2025 BP4),29.193,.7129941578547525,1.875658848338026,.5383250473444401,4.183080609639933,124.0867168126747,263.6887395863336,3.212992649331611,2.56885137096718,.00149478,8,,,0,N
(2025 CF),29.792,.3736449683770469,1.053455036832362,.6598368629084931,4.618556161107684,313.9211157181481,282.6354207325692,1.44707321075623,1.08126515650395,.00046284,6,,,0,N
